grid,datetime,T2,QN,QH,QE,QS,Rain
1,2012-08-01 00:00:00,16.594591828582463,-22.616094269619335,80.42339908633221,12.923057337189599,-47.099882455853034,0.0
1,2012-08-01 00:05:00,16.56891457296555,-22.616913748216085,79.34372393685166,12.795386245049778,-46.95908746316838,0.0
1,2012-08-01 00:10:00,16.542804452397803,-22.617734380248947,78.16659921775691,12.657469670406574,-46.710598571802265,0.0
1,2012-08-01 00:15:00,16.51672458038174,-22.618556174054994,77.02462034731366,12.523363649448209,-46.50106724454567,0.0
1,2012-08-01 00:20:00,16.490690644592643,-22.619379138024396,75.91230201008338,12.392468937311037,-46.32440892948662,0.0
1,2012-08-01 00:25:00,16.464686953163213,-22.62020328054589,74.82500271295235,12.264283398400124,-46.17548000630515,0.0
1,2012-08-01 00:30:00,16.438699746300802,-22.621028609951267,73.75879544331966,12.138394043059856,-46.04994048107655,0.0
1,2012-08-01 00:35:00,16.412716968986082,-22.62185513462577,72.71035951839943,12.014460567619933,-45.94412937572988,0.0
1,2012-08-01 00:40:00,16.386728179791813,-22.622682862952363,71.67691135406518,11.892178535719209,-45.854958678160486,0.0
1,2012-08-01 00:45:00,16.360802573603205,-22.623511803257735,70.67212584805802,11.77298903715684,-45.797544384235295,0.0
1,2012-08-01 00:50:00,16.334764059204893,-22.624341963921193,69.65944657921213,11.65304258857642,-45.73148059781143,0.0
1,2012-08-01 00:55:00,16.308697034531736,-22.625173353320402,68.65612381988443,11.534155026846253,-45.67583343649176,0.0
1,2012-08-01 01:00:00,16.282646386757776,-22.62600597977579,67.67072784576013,11.417228737727873,-45.64007557004346,0.0
1,2012-08-01 01:05:00,16.2328009702907,-22.539365501145284,66.82715615604506,11.26722785009465,-45.543614917454484,0.0
1,2012-08-01 01:10:00,16.18296298501151,-22.452722316378903,65.98724156520787,11.118093744376917,-45.451675439523015,0.0
1,2012-08-01 01:15:00,16.133132176347733,-22.366076388549985,65.15102827659324,10.969828950656431,-45.364303832748796,0.0
1,2012-08-01 01:20:00,16.083307413306866,-22.279427683900618,64.31834964316569,10.822417703152265,-45.28131765055756,0.0
1,2012-08-01 01:25:00,16.033487022025845,-22.192776172603203,63.48892560439285,10.67582957645376,-45.20240637717862,0.0
1,2012-08-01 01:30:00,15.983669066177724,-22.10612182952297,62.66242229664782,10.530025961001163,-45.1271975142906,0.0
1,2012-08-01 01:35:00,15.933851495197974,-22.0194646326579,61.8384842626074,10.38497006336398,-45.05529878913775,0.0
1,2012-08-01 01:40:00,15.884032274381266,-21.932804563900433,61.016761685121566,10.240625719261814,-44.98632420218212,0.0
1,2012-08-01 01:45:00,15.834209467600767,-21.84614160980143,60.1969275733381,10.096955430819646,-44.91990925124731,0.0
1,2012-08-01 01:50:00,15.78438122756522,-21.759475760008137,59.378677017679905,9.953929189514385,-44.85571900788039,0.0
1,2012-08-01 01:55:00,15.734545865160838,-21.672807008027206,58.561740569375665,9.811514546083147,-44.79345156755381,0.0
1,2012-08-01 02:00:00,15.68470176375862,-21.586135351988908,57.74586908568704,9.669692300118758,-44.732838585252324,0.0
1,2012-08-01 02:05:00,15.650435684866865,-21.55225772006051,57.639930853653766,9.6220422833156,-44.7093314383858,0.0
1,2012-08-01 02:10:00,15.616178234318516,-21.518385016956188,57.534228189409475,9.57454149650955,-44.68621401812945,0.0
1,2012-08-01 02:15:00,15.581893642966914,-21.484517316871116,57.42867815078931,9.527225261200043,-44.663438778013,0.0
1,2012-08-01 02:20:00,15.547581222635795,-21.45065469400918,57.32325018627776,9.480082953118535,-44.640964616456316,0.0
1,2012-08-01 02:25:00,15.513240273012206,-21.416797222942055,57.21791219721116,9.43311100485054,-44.6187559419529,0.0
1,2012-08-01 02:30:00,15.478870107712329,-21.382944978967046,57.11263528122642,9.386307368865475,-44.59678187990639,0.0
1,2012-08-01 02:35:00,15.444470079000983,-21.349098037386618,57.00739845849865,9.339666117829552,-44.57501559846058,0.0
1,2012-08-01 02:40:00,15.41003949092796,-21.3152564738661,56.9021721907523,9.293193352830395,-44.553433736092856,0.0
1,2012-08-01 02:45:00,15.375577736436023,-21.281420364793043,56.79694453280371,9.24688056457328,-44.5320159147124,0.0
1,2012-08-01 02:50:00,15.341084183295619,-21.247589786554975,56.6916994594249,9.200725892006416,-44.510744324426966,0.0
1,2012-08-01 02:55:00,15.306558200995763,-21.213764815898852,56.586421901387524,9.154728732555366,-44.489603370180724,0.0
1,2012-08-01 03:00:00,15.271999185749086,-21.17994553028908,56.48110270426153,9.108884481465095,-44.468579370252996,0.0
1,2012-08-01 03:05:00,15.258880660861168,-21.165210569859706,56.296421841805596,9.0531605972305,-44.459377763980555,0.0
1,2012-08-01 03:10:00,15.245239578530509,-21.150475442306814,56.11204379651161,8.997567020769685,-44.45060911552031,0.0
1,2012-08-01 03:15:00,15.23104198946979,-21.135740147704166,55.92787669872922,8.942097633378857,-44.442175436591896,0.0
1,2012-08-01 03:20:00,15.21625390478084,-21.121004685710503,55.74385143687507,8.886741560959472,-44.43399674117216,0.0
1,2012-08-01 03:25:00,15.199361186377452,-21.106269055986843,55.558645190954394,8.832756573042957,-44.42600797845877,0.0
1,2012-08-01 03:30:00,15.181305278142206,-21.091533258614174,55.37459478788929,8.777753165588855,-44.418156471414356,0.0
1,2012-08-01 03:35:00,15.164611985431641,-20.426143851993718,55.41740515975981,8.747026090479283,-44.01078846240229,0.0
1,2012-08-01 03:40:00,15.14694414597094,-19.76075427705832,55.44958738446208,8.715313998806412,-43.59180712134377,0.0
1,2012-08-01 03:45:00,15.128262042283197,-19.095364533896262,55.473845529346676,8.682903542427264,-43.1642031675346,0.0
1,2012-08-01 03:50:00,15.108543654036062,-18.429974622180474,55.49238181352271,8.650012856873207,-42.730396955288256,0.0
1,2012-08-01 03:55:00,15.086224148122497,-17.764584541586412,55.506962024949544,8.61682480647524,-42.29233713657052,0.0
1,2012-08-01 04:00:00,15.064906844313317,-17.099194292209525,55.520039600161866,8.582445191213575,-41.851582947991744,0.0
1,2012-08-01 04:05:00,15.073426956734783,-16.514493181868836,55.67958361731004,8.597006928125989,-41.44098759171165,0.0
1,2012-08-01 04:10:00,15.0798951762624,-15.929786918675092,55.838517696314376,8.611093217829508,-41.029301697225755,0.0
1,2012-08-01 04:15:00,15.085842130034585,-15.345075540272207,56.02284001890271,8.62738616764027,-40.645205591221966,0.0
1,2012-08-01 04:20:00,15.08909806046266,-14.760359085833464,56.20686326977456,8.643178825330773,-40.260305045345575,0.0
1,2012-08-01 04:25:00,15.090520761598704,-14.175637595284343,56.403299838933826,8.659799996864626,-39.88864129548958,0.0
1,2012-08-01 04:30:00,15.089058973786345,-13.590911108527091,56.60743380218557,8.677823947699304,-39.52607272281874,0.0
1,2012-08-01 04:35:00,15.080609633066654,-7.661818696609189,58.560818201454964,8.882871276207467,-35.7554120386784,0.0
1,2012-08-01 04:40:00,15.06665358409277,-1.732721372108918,60.416853314605454,9.07742916796891,-31.876907719090063,0.0
1,2012-08-01 04:45:00,15.048361743809707,4.196380822801328,62.24518319583556,9.268785106765012,-27.96749134420602,0.0
1,2012-08-01 04:50:00,15.028485353211568,10.1254878444134,64.00657721967903,9.503626910874557,-24.034620150546967,0.0
1,2012-08-01 04:55:00,15.00688578919072,16.05459964825927,65.83508766127753,9.76226693474131,-20.19265881216635,0.0
1,2012-08-01 05:00:00,15.007554024665236,21.983716189884582,67.7309219176154,10.026594533896327,-16.423704126033925,0.0
1,2012-08-01 05:05:00,15.064932137497891,27.906100636581495,69.98487206077662,10.412082384645112,-12.73086083850125,0.0
1,2012-08-01 05:10:00,15.145851497319473,33.82848846086681,72.20521849002566,10.792878802239988,-8.99971902631409,0.0
1,2012-08-01 05:15:00,15.229210123139692,39.75087962761834,74.4158260182775,11.171368054238007,-5.256527805066643,0.0
1,2012-08-01 05:20:00,15.312713023932416,45.67327410099249,76.63074892510647,11.549682594231548,-1.5174739437692644,0.0
1,2012-08-01 05:25:00,15.395626194616606,51.59567184364553,78.85978505873388,11.927473987702099,2.207993106531596,0.0
1,2012-08-01 05:30:00,15.47566786480233,57.51807281595637,81.10654780515338,12.306131127699732,5.914871027171053,0.0
1,2012-08-01 05:35:00,15.557222567744303,59.515413503303385,82.08432877722365,12.512195077210059,7.138263627683251,0.0
1,2012-08-01 05:40:00,15.6359659805717,61.51275733800996,83.07599056764826,12.719371817868357,8.346665766052666,0.0
1,2012-08-01 05:45:00,15.712185695949644,63.51010427608934,84.07681577136984,12.92933316812503,9.543122984899554,0.0
1,2012-08-01 05:50:00,15.78468315991901,65.50745427256653,85.08561667737169,13.140760814710044,10.730141263535664,0.0
1,2012-08-01 05:55:00,15.853538302760299,67.50480728094645,86.10054441292542,13.353446653785648,11.909777532031995,0.0
1,2012-08-01 06:00:00,15.922961215745609,69.50216325268278,87.12005417714632,13.567251853623471,13.083715374455373,0.0
1,2012-08-01 06:05:00,15.998576746196811,71.45720684884606,89.83429610259827,13.955986515742692,14.067245923725444,0.0
1,2012-08-01 06:10:00,16.074994103046084,73.41223855731133,92.6878947382443,14.361495354500546,14.894633698464808,0.0
1,2012-08-01 06:15:00,16.149108096899322,75.36725877825967,95.64443588855927,14.7796672787175,15.606404385559166,0.0
1,2012-08-01 06:20:00,16.22446844903705,77.32226789069783,98.52425642639209,15.190852272285301,16.40187150727469,0.0
1,2012-08-01 06:25:00,16.29949522108091,79.27726625263867,101.35869214194325,15.598472292600288,17.246277674027326,0.0
1,2012-08-01 06:30:00,16.374234557588256,81.2322542012801,104.1460487897898,16.002254209217632,18.141590598882843,0.0
1,2012-08-01 06:35:00,16.448325497584747,85.50271259006284,107.64089488312487,16.5043711133182,20.546549530907896,0.0
1,2012-08-01 06:40:00,16.520400186194433,89.77316117567658,111.03820759421657,16.997146411951324,23.05837364747478,0.0
1,2012-08-01 06:45:00,16.593655058908425,94.04360023092089,114.38825603749231,17.485964270109164,25.621409941963485,0.0
1,2012-08-01 06:50:00,16.66660537574137,98.31403000718842,117.7193171437562,17.974008526559075,28.204197896195197,0.0
1,2012-08-01 06:55:00,16.739256246791914,102.58445073415301,121.0461285465037,18.462811416960207,30.790467870689085,0.0
1,2012-08-01 07:00:00,16.811596093760773,106.85486261945644,124.37572995431906,18.953130329027672,33.372422976787675,0.0
1,2012-08-01 07:05:00,16.903824538911874,110.89087106426096,129.3115471381575,19.695033867620797,35.74769967966908,0.0
1,2012-08-01 07:10:00,16.996360851772057,114.92699305378169,134.30350504628973,20.444953156722928,38.05893345246393,0.0
1,2012-08-01 07:15:00,17.08625444893623,118.9632145914675,139.30453482921115,21.198128160862765,40.357939183596955,0.0
1,2012-08-01 07:20:00,17.17128308455516,122.9995212186707,144.29671309049058,21.95231916780451,42.66486552308746,0.0
1,2012-08-01 07:25:00,17.254547613063295,127.0358980106201,149.2748226538082,22.706727966968213,44.985712933064036,0.0
1,2012-08-01 07:30:00,17.33362521262134,131.07232957229263,154.2387533054586,23.46133665503336,47.320594135529475,0.0
1,2012-08-01 07:35:00,17.412554990177583,134.72891117982516,159.0765141472096,24.19903945631293,49.41870108053993,0.0
1,2012-08-01 07:40:00,17.488619328886507,138.38551533805773,163.9078212128631,24.938771935220107,51.52125467472031,0.0
1,2012-08-01 07:45:00,17.563677064012964,142.04212521467656,168.72907065010088,25.678780255895397,53.633595773934516,0.0
1,2012-08-01 07:50:00,17.63961361053479,145.6987234883386,173.5398497186618,26.418989264329593,55.75619495110992,0.0
1,2012-08-01 07:55:00,17.715989747032104,149.35529234446219,178.34130490886764,27.159561221951808,57.88772563991388,0.0
1,2012-08-01 08:00:00,17.80150609355055,153.01181347089147,183.13511167261464,27.900576101420086,60.0264141036364,0.0
1,2012-08-01 08:05:00,17.973790905538223,156.510440649734,185.8815717104565,28.528465091828142,62.118197061008644,0.0
1,2012-08-01 08:10:00,18.160975143052177,160.00907715552697,188.58027390589382,29.161275420029394,64.25282584994274,0.0
1,2012-08-01 08:15:00,18.349292658843225,163.50767474538645,191.2567077713801,29.798567054540612,66.40520274658434,0.0
1,2012-08-01 08:20:00,18.535140515100206,167.0061843897842,193.9227825176144,30.44273016414994,68.56097934191816,0.0
1,2012-08-01 08:25:00,18.72013446208167,170.50455626032198,196.58856344738246,31.091406333984196,70.7123989196333,0.0
1,2012-08-01 08:30:00,18.900207785848345,174.00273971711718,199.25569205316282,31.74668934890602,72.85567556250598,0.0
1,2012-08-01 08:35:00,19.08261398220808,173.03477267407646,200.47424163184365,32.21225957407445,72.17109352239564,0.0
1,2012-08-01 08:40:00,19.25715516401676,172.0665134516722,201.80951318592216,32.69847051284039,71.34885661392654,0.0
1,2012-08-01 08:45:00,19.43259299016443,171.0979088966418,203.13225401892117,33.18753431056909,70.53595223494814,0.0
1,2012-08-01 08:50:00,19.597255506191306,170.12890499056496,204.50726607995415,33.69256109516207,69.65441429002496,0.0
1,2012-08-01 08:55:00,19.761103465624792,169.15944683488715,205.81336770707773,34.19630468992172,68.84261571924362,0.0
1,2012-08-01 09:00:00,19.919343522819805,168.18947863548306,207.14410383393903,34.7100678735643,67.99565301611536,0.0
1,2012-08-01 09:05:00,19.96685753807001,167.47223803044386,205.76446540245104,34.667602242116466,67.47082596977464,0.0
1,2012-08-01 09:10:00,20.014384236285892,166.75484504076127,204.3901714280351,34.621227364727986,66.94441132765917,0.0
1,2012-08-01 09:15:00,20.061918848011995,166.0372922274165,203.01606445907439,34.57442002548345,66.41808231828239,0.0
1,2012-08-01 09:20:00,20.109462362342775,165.31957208968493,201.640986227696,34.52704330133023,65.89312663184518,0.0
1,2012-08-01 09:25:00,20.157015663972942,164.60167706453544,200.26406395794086,34.47898909029238,65.37051758325136,0.0
1,2012-08-01 09:30:00,20.204579544660067,163.88359952602363,198.88465032323344,34.430179139298296,64.85097312620373,0.0
1,2012-08-01 09:35:00,20.2525188474403,154.1059715538293,194.63310651446358,33.98768540440001,58.53769219344031,0.0
1,2012-08-01 09:40:00,20.300223738158742,144.32814562561902,190.5340248953292,33.56032191794312,52.056620866584,0.0
1,2012-08-01 09:45:00,20.347742238320446,134.55011392318025,186.4977614725521,33.137387937415156,45.508096063213046,0.0
1,2012-08-01 09:50:00,20.397788806956086,124.77186856335815,182.46821414424716,32.71212707590715,38.954968388966606,0.0
1,2012-08-01 09:55:00,20.44484571871638,114.99340159715756,178.41180107197,32.28047934392578,32.434871722787236,0.0
1,2012-08-01 10:00:00,20.49174706561897,105.21470500884018,174.31017859967253,31.839895929898475,25.96869051655731,0.0
1,2012-08-01 10:05:00,20.529079774475612,95.67332495927856,171.37818006222045,31.52047530840894,19.596750258988173,0.0
1,2012-08-01 10:10:00,20.559595174989603,86.13194180031732,168.15628999282762,31.168106846859654,13.547646264019882,0.0
1,2012-08-01 10:15:00,20.591859649589136,76.59055552273978,164.77411438697385,30.789638330183166,7.684924742023441,0.0
1,2012-08-01 10:20:00,20.617652276630988,67.0491661179152,161.29911934991563,30.397399329630225,1.928790007860897,0.0
1,2012-08-01 10:25:00,20.640489074839305,57.50777357719478,157.77330394452352,29.99583335581926,-3.7672005206056376,0.0
1,2012-08-01 10:30:00,20.660411937227963,47.966377891307765,154.2209812684029,29.587484478000846,-9.429904019502768,0.0
1,2012-08-01 10:35:00,20.685021724492717,47.831490856573836,153.81955744953694,29.64095571957241,-9.298817843891442,0.0
1,2012-08-01 10:40:00,20.70832441099516,47.69660065912263,153.34626906027825,29.68630414823941,-9.087747447700131,0.0
1,2012-08-01 10:45:00,20.735909826784127,47.56170728995695,152.8358315011002,29.722581743232645,-8.830460219630126,0.0
1,2012-08-01 10:50:00,20.755767969599276,47.42681074017486,152.1907863374656,29.748864940826696,-8.428574170320836,0.0
1,2012-08-01 10:55:00,20.774970289623255,47.29191100085585,151.65095297634502,29.787414860063617,-8.144169834705338,0.0
1,2012-08-01 11:00:00,20.793271718602686,47.15700806294893,151.11988379214637,29.827166904858583,-7.869735000157714,0.0
1,2012-08-01 11:05:00,20.772502454153816,47.20080449112402,151.2276725581861,29.75243125771526,-7.613053590031573,0.0
1,2012-08-01 11:10:00,20.75166419634745,47.244541936241475,151.34143142264645,29.678083915867695,-7.362789566679428,0.0
1,2012-08-01 11:15:00,20.730812750519725,47.28822161916926,151.4619962990262,29.604758832163167,-7.120411575579439,0.0
1,2012-08-01 11:20:00,20.70994929640671,47.33184475754577,151.59027675846366,29.53257850184624,-6.88695046547598,0.0
1,2012-08-01 11:25:00,20.689074116383185,47.37541256564915,151.72690072164517,29.461595769910648,-6.663085787771081,0.0
1,2012-08-01 11:30:00,20.6681866405441,47.41892625426491,151.87222232805183,29.39185729293102,-6.449217127734883,0.0
1,2012-08-01 11:35:00,20.653522550431898,54.08350192387566,154.12248559565865,29.633477869257185,-2.030587201209663,0.0
1,2012-08-01 11:40:00,20.637982168020933,60.74802588592205,156.12019650530254,29.843649091290647,2.6719927300068065,0.0
1,2012-08-01 11:45:00,20.622178160645497,67.41249934127656,158.10019375974824,30.049866618370515,7.396189504683228,0.0
1,2012-08-01 11:50:00,20.606514857533373,74.07692348769628,160.24178325909696,30.273261235551146,11.941567635421073,0.0
1,2012-08-01 11:55:00,20.587188203620972,80.74129951969016,162.22313913015557,30.481202545218583,16.662584587536344,0.0
1,2012-08-01 12:00:00,20.567315026101536,87.40562862838367,164.2873669963866,30.69260040229699,21.297226073767895,0.0
1,2012-08-01 12:05:00,20.56507492618882,93.67348973130778,165.8790307429308,30.89687051046372,25.687173955031888,0.0
1,2012-08-01 12:10:00,20.559376723489628,99.94127661970005,167.60123403561857,31.11380752185426,29.93384117239672,0.0
1,2012-08-01 12:15:00,20.54984879315953,106.20898617587733,169.5220606399081,31.35119349844312,33.96135878074645,0.0
1,2012-08-01 12:20:00,20.532826206829856,112.47661527521406,171.5621940029971,31.599849842755916,37.858218805732236,0.0
1,2012-08-01 12:25:00,20.515408597348923,118.74416078556298,173.67834015987304,31.850427545812273,41.6770610891997,0.0
1,2012-08-01 12:30:00,20.489129463668675,125.01161956667701,175.83540695254038,32.1066779249738,45.449223331535705,0.0
1,2012-08-01 12:35:00,20.455570668684317,137.26786464279726,179.88780189163688,32.62371507378848,53.05405695279569,0.0
1,2012-08-01 12:40:00,20.415075661707043,149.5240166871531,183.90301694946606,33.131273599159144,60.7054560470025,0.0
1,2012-08-01 12:45:00,20.36255523414316,161.78007253630403,187.94600028417844,33.64084942356132,68.32697337008972,0.0
1,2012-08-01 12:50:00,20.305406146418072,174.03602901944458,192.04677400552487,34.14977793313658,75.89124825535943,0.0
1,2012-08-01 12:55:00,20.235627496871327,186.29188295782365,196.2062407709632,34.6614807690168,83.39395322547077,0.0
1,2012-08-01 13:00:00,20.155934164936227,198.54763116416743,200.4652282608299,35.18062213124909,90.78959321276645,0.0
1,2012-08-01 13:05:00,20.260359477803135,210.78900684420407,204.68069497918225,35.96241363774182,98.19766940185633,0.0
1,2012-08-01 13:10:00,20.36344240361327,223.0301537628684,208.78002587515513,36.73659006322534,105.72926773296251,0.0
1,2012-08-01 13:15:00,20.466982934746884,235.27106514602173,212.84005786777936,37.505772855479805,113.30492306513545,0.0
1,2012-08-01 13:20:00,20.566718035801177,247.51173417490233,216.90032403331358,38.27498643006063,120.88007108779931,0.0
1,2012-08-01 13:25:00,20.663649389969613,259.75215398595367,220.9815808037116,39.04675971307281,128.43141957933878,0.0
1,2012-08-01 13:30:00,20.7613532161351,271.9923176706461,225.09305581592173,39.82244680852166,135.94837989027056,0.0
1,2012-08-01 13:35:00,20.865564164208195,275.9947001785474,226.47157664269957,40.23620720993004,138.3224399038839,0.0
1,2012-08-01 13:40:00,20.959848251829406,279.9968126051655,227.8474863167645,40.65608085693946,140.69272774332592,0.0
1,2012-08-01 13:45:00,21.05461307309003,283.9986479037228,229.22417745841807,41.07794478424919,143.0599667068183,0.0
1,2012-08-01 13:50:00,21.144411727828242,288.00019898023186,230.60076384420714,41.50208348513271,145.424751430553,0.0
1,2012-08-01 13:55:00,21.232275566525153,292.0014586932881,231.97696427279405,41.92828348558197,147.78756944847137,0.0
1,2012-08-01 14:00:00,21.320993223035693,296.00241985386106,233.3522831787105,42.356634696919656,150.1488192256885,0.0
1,2012-08-01 14:05:00,21.473498850521676,299.60821056852836,234.65202207038126,42.976234713511644,152.08120913294053,0.0
1,2012-08-01 14:10:00,21.619358867076482,303.2119199507087,236.12938738631485,43.63247800281076,153.79724801073564,0.0
1,2012-08-01 14:15:00,21.765846290017222,306.8134271408001,237.679435929354,44.29992749403991,155.4271952674062,0.0
1,2012-08-01 14:20:00,21.913996549059416,310.412609159018,239.230984543888,44.97580370180552,157.0448905641719,0.0
1,2012-08-01 14:25:00,22.056523593216706,314.0093408519394,240.74875049459695,45.65594013810372,158.68965797093367,0.0
1,2012-08-01 14:30:00,22.197389193924206,317.6034948373363,242.21621544659686,46.33812592530611,160.38009931797575,0.0
1,2012-08-01 14:35:00,22.334679160641343,317.91439317454945,242.48059369376594,46.87236702675551,160.13831640741782,0.0
1,2012-08-01 14:40:00,22.470015673881257,318.2224521251781,242.75303181288967,47.415694291102795,159.87654807542293,0.0
1,2012-08-01 14:45:00,22.603472512290214,318.52753727248705,243.00871107765167,47.96517556129974,159.6224107886204,0.0
1,2012-08-01 14:50:00,22.739116785230834,318.82951173329263,243.2331948075774,48.51913504641538,159.39188013523207,0.0
1,2012-08-01 14:55:00,22.871850518626857,319.12823609286596,243.4252739301697,49.07033895238008,159.19325956709582,0.0
1,2012-08-01 15:00:00,22.999007696089244,319.4235683377734,243.56872401579,49.63152191267619,159.02989686693434,0.0
1,2012-08-01 15:05:00,22.99919752479331,320.62031469137,244.69663400381705,49.86284826253267,159.6052211851898,0.0
1,2012-08-01 15:10:00,22.997599742747077,321.816780907915,245.90004959715466,50.097859585859844,160.10107478761236,0.0
1,2012-08-01 15:15:00,22.9943547942386,323.0129703457806,247.07050579287008,50.326177051197,160.6363048669678,0.0
1,2012-08-01 15:20:00,22.98947018847186,324.2088863494507,248.21499176282617,50.54894194642462,161.20278430799655,0.0
1,2012-08-01 15:25:00,22.98306454599226,325.4045322493785,249.33912347124308,50.76682599541885,161.7942287530556,0.0
1,2012-08-01 15:30:00,22.97525118480661,326.59991136184794,250.4472065075012,50.98042460630051,162.4057405209276,0.0
1,2012-08-01 15:35:00,22.95362571014894,318.7015654252543,248.65641901223003,50.82236909124126,157.1940518972067,0.0
1,2012-08-01 15:40:00,22.93697791095265,310.8029592928208,247.04800491154745,50.673967131147755,151.7900761280917,0.0
1,2012-08-01 15:45:00,22.914509657309036,302.9040962398476,245.48584154288454,50.5297220256176,146.33543585185393,0.0
1,2012-08-01 15:50:00,22.890494056491715,295.0049795281202,243.90100864266316,50.38104831154617,140.90764005696175,0.0
1,2012-08-01 15:55:00,22.864927103921616,287.10561240601305,242.25890475314907,50.22382483959163,135.54541459886562,0.0
1,2012-08-01 16:00:00,22.837861254917026,279.20599810859767,240.54540616922395,50.05636124303243,130.2645767844769,0.0
1,2012-08-01 16:05:00,22.805126622512955,269.61239423980135,237.58988777444057,50.27160311230169,123.98510500983875,0.0
1,2012-08-01 16:10:00,22.772067440553165,260.0149623839101,234.6283152027865,50.49023178869437,117.70447261785293,0.0
1,2012-08-01 16:15:00,22.738131341485534,250.4135690297174,231.50686936362297,50.6934195419728,111.59519291818938,0.0
1,2012-08-01 16:20:00,22.703796913009008,240.8080821168336,228.3636061410161,50.89772918438597,105.50251515414337,0.0
1,2012-08-01 16:25:00,22.668766990267695,231.198370930602,225.1070327722017,51.091672778074575,99.52928931168165,0.0
1,2012-08-01 16:30:00,22.633320867383933,221.5843059675789,221.8260911643383,51.28598377831913,93.57571052492149,0.0
1,2012-08-01 16:35:00,22.590778749997998,207.497802062925,217.04925640724457,51.28648737318562,84.83939335113887,0.0
1,2012-08-01 16:40:00,22.54786852870721,193.40668828546038,212.29343797035807,51.291143494900844,76.07329745748962,0.0
1,2012-08-01 16:45:00,22.50449090272556,179.31083757050402,207.50955784396672,51.293828557613615,67.3324973748559,0.0
1,2012-08-01 16:50:00,22.46196832751823,165.21012310198523,202.68896821638697,51.28037425209233,58.63968240808218,0.0
1,2012-08-01 16:55:00,22.417043679092423,151.104417922997,197.8033103933873,51.27329348708596,50.000571385744095,0.0
1,2012-08-01 17:00:00,22.371326782856496,136.99359446348174,192.86733528409593,51.2603197669613,41.41255232428895,0.0
1,2012-08-01 17:05:00,22.306935372361693,125.19708462608773,188.20435906624925,50.353047756814505,34.366497045396855,0.0
1,2012-08-01 17:10:00,22.24175051634648,113.39717807349925,183.46411349446242,49.4339372910804,27.40615286083782,0.0
1,2012-08-01 17:15:00,22.175978735092304,101.59396318829323,178.68963776893307,48.50827940410062,20.483277918649414,0.0
1,2012-08-01 17:20:00,22.109739905487658,89.78752743872116,173.90428385132503,47.578561827926585,13.572119993367828,0.0
1,2012-08-01 17:25:00,22.043044982740845,77.9779574103004,169.10914456561582,46.65682984183819,6.659627567253189,0.0
1,2012-08-01 17:30:00,21.975820150154924,66.1653388353914,164.28893025259327,45.764472644452354,-0.26021316673895356,0.0
1,2012-08-01 17:35:00,21.91631240214796,59.00663471074705,160.945033021033,45.053663164486935,-4.184004249349158,0.0
1,2012-08-01 17:40:00,21.85622709810566,51.84505105647804,157.52351186345066,44.33338526574974,-8.02358251679016,0.0
1,2012-08-01 17:45:00,21.79763146550732,44.68067120784244,154.09785806393867,43.612462035885464,-11.861179005541025,0.0
1,2012-08-01 17:50:00,21.737257659882857,37.513577750223405,150.70216485180777,42.89497748625273,-15.734888370887962,0.0
1,2012-08-01 17:55:00,21.677166169252,30.34385254120487,147.3492969923072,42.18246303116576,-19.65902493481044,0.0
1,2012-08-01 18:00:00,21.61737120203296,23.171576731542885,144.04118247470078,41.475140846113725,-23.63565771130552,0.0
1,2012-08-01 18:05:00,21.488894857196076,16.750853453495456,140.3637568950051,40.05711867918541,-27.174376150356057,0.0
1,2012-08-01 18:10:00,21.36023594473669,10.319215813417395,136.69094530485688,38.6564954960924,-30.746021924820006,0.0
1,2012-08-01 18:15:00,21.23142580977601,3.87744228521919,133.0293019046648,37.274028660719075,-34.357128125079946,0.0
1,2012-08-01 18:20:00,21.10246940957014,-2.573704254673791,129.37922405399019,35.90973693806357,-38.00734799926992,0.0
1,2012-08-01 18:25:00,20.973409271313006,-9.03347575483371,125.73821866019915,34.5633486575358,-41.693168732738165,0.0
1,2012-08-01 18:30:00,20.84418787641996,-15.501138259486678,122.10278593015474,33.23441622693052,-45.409908984368535,0.0
1,2012-08-01 18:35:00,20.72677547799966,-15.952993709106455,120.44980174643277,32.15966571781759,-45.34747264878054,0.0
1,2012-08-01 18:40:00,20.608310230393244,-16.411311797907167,118.62382313678594,31.0802680872889,-45.113857405032874,0.0
1,2012-08-01 18:45:00,20.488640969585852,-16.8753968306994,116.84674962478098,30.02196554243527,-44.95600928859362,0.0
1,2012-08-01 18:50:00,20.36990750635316,-17.34456462514714,115.00730938716329,28.971965443618668,-44.74917965423418,0.0
1,2012-08-01 18:55:00,20.25168976294199,-17.818141935993896,113.26677200450338,27.94879225515461,-44.67248930158408,0.0
1,2012-08-01 19:00:00,20.13354592713282,-18.295465902123194,111.5546573625772,26.9442574548912,-44.64660673315092,0.0
1,2012-08-01 19:05:00,20.078404769665873,-19.902038724972968,109.91816761661677,26.529836031628818,-45.43195889101516,0.0
1,2012-08-01 19:10:00,20.02349934887644,-21.508852651300682,108.33031914202637,26.122862241817916,-46.27364105717885,0.0
1,2012-08-01 19:15:00,19.968736509729382,-23.115898146656534,106.77517578419005,25.72149140758791,-47.15386286470569,0.0
1,2012-08-01 19:20:00,19.9140508608846,-24.7231657419614,105.24165335886843,25.32445268083464,-48.06025981217295,0.0
1,2012-08-01 19:25:00,19.85939668545935,-26.330646032091106,103.72208499283184,24.930857833486467,-48.98426739315518,0.0
1,2012-08-01 19:30:00,19.804741951183647,-27.938329674465937,102.21117144672732,24.540107821331162,-49.91997798150746,0.0
1,2012-08-01 19:35:00,19.752494939111745,-28.373121520977854,101.09153705092554,24.197098724554955,-50.12181683967868,0.0
1,2012-08-01 19:40:00,19.700217458758573,-28.80809822327644,99.97079869939563,23.855705826866107,-50.3243527969958,0.0
1,2012-08-01 19:45:00,19.647736340698312,-29.24325062495461,98.82409090470902,23.513144753476457,-50.499926834835016,0.0
1,2012-08-01 19:50:00,19.595180959473012,-29.67856963085187,97.67118250651104,23.171648924971517,-50.67053211826665,0.0
1,2012-08-01 19:55:00,19.54258379345434,-30.11404620593509,96.51748452957347,22.831845115049585,-50.842197410727636,0.0
1,2012-08-01 20:00:00,19.4899636673139,-30.54967137418474,95.36620014228966,22.49408252349694,-51.01846610437812,0.0
1,2012-08-01 20:05:00,19.44258973104227,-31.015366034488107,94.3172129081194,22.21333438720995,-51.22015716456323,0.0
1,2012-08-01 20:10:00,19.395231841338624,-31.481165885577347,93.27443640517227,21.934275210172654,-51.429853106007,0.0
1,2012-08-01 20:15:00,19.347888592819697,-31.947064580508467,92.2376806640755,21.65689682555909,-51.64734944556679,0.0
1,2012-08-01 20:20:00,19.30055719534592,-32.41305580882157,91.20653044713433,21.381141026150527,-51.87216642786913,0.0
1,2012-08-01 20:25:00,19.25323399284655,-32.879133296418864,90.18043398804062,21.106944073737587,-52.10368227429878,0.0
1,2012-08-01 20:30:00,19.20591498674003,-33.34529080544456,89.15878893243017,20.83423664962444,-52.34121907393985,0.0
1,2012-08-01 20:35:00,19.160261500220358,-33.08175359878064,88.39588317557804,20.59250243992925,-52.13877367106758,0.0
1,2012-08-01 20:40:00,19.11453393681955,-32.81828404435487,87.62316799808983,20.35058461137728,-51.92640288094063,0.0
1,2012-08-01 20:45:00,19.068646994464373,-32.55487601036674,86.82777839513773,20.107048566973813,-51.6898009699359,0.0
1,2012-08-01 20:50:00,19.02285420357322,-32.29152339984742,86.04899052825638,19.86630866532171,-51.47265236122213,0.0
1,2012-08-01 20:55:00,18.977044122137965,-32.02822015031347,85.269622734806,19.626432430238346,-51.25583685349342,0.0
1,2012-08-01 21:00:00,18.931126257816093,-31.764960233421924,84.47575099868334,19.385856339783338,-51.02386088036319,0.0
1,2012-08-01 21:05:00,18.877629054782506,-31.45765310244338,84.68824843961264,19.179276196081343,-50.80445041356109,0.0
1,2012-08-01 21:10:00,18.82393537564664,-31.150409732821664,84.89720035763737,18.974795663437153,-50.583657796269065,0.0
1,2012-08-01 21:15:00,18.77008307886121,-30.84321970143935,85.10347190971777,18.772392201201825,-50.36231522168097,0.0
1,2012-08-01 21:20:00,18.716063176609318,-30.53607267014748,85.3076586650232,18.572128771632915,-50.141070883074775,0.0
1,2012-08-01 21:25:00,18.661798049086816,-30.22895838455166,85.5102270006353,18.374046935434833,-49.92042246384213,0.0
1,2012-08-01 21:30:00,18.606417701839348,-29.921866672809895,85.70747277547922,18.182235985773985,-49.700744944232596,0.0
1,2012-08-01 21:35:00,18.551629964218588,-29.614787445654386,85.90743237291673,17.988944964875433,-49.4823136605652,0.0
1,2012-08-01 21:40:00,18.496664762558797,-29.307710695217402,86.10655275221067,17.797931707388848,-49.26532339888472,0.0
1,2012-08-01 21:45:00,18.44144462907384,-29.000626493868673,86.3049741179359,17.609195957221846,-49.049904180043356,0.0
1,2012-08-01 21:50:00,18.38594913782989,-28.693524994279546,86.50278452261351,17.422737791665657,-48.83613428652482,0.0
1,2012-08-01 21:55:00,18.33015586649307,-28.386396428286837,86.70002078569806,17.23856743071089,-48.624050989611035,0.0
1,2012-08-01 22:00:00,18.274040512132352,-28.079231105768276,86.89671243391135,17.05667011106777,-48.413659362611796,0.0
1,2012-08-01 22:05:00,18.23503046827562,-27.875654846318245,86.70310234090248,16.898889461172814,-48.2685891950037,0.0
1,2012-08-01 22:10:00,18.195889550852105,-27.672055031216587,86.5116406197979,16.74249609760809,-48.12703112997852,0.0
1,2012-08-01 22:15:00,18.156607261063684,-27.468428910995698,86.32185352282457,16.58743730002985,-47.98845594995182,0.0
1,2012-08-01 22:20:00,18.11717316163645,-27.264773749830415,86.13334043447468,16.433668510091977,-47.85241574524453,0.0
1,2012-08-01 22:25:00,18.07757680490183,-27.06108682621621,85.94576582660005,16.281148633252165,-47.71853117166164,0.0
1,2012-08-01 22:30:00,18.037807643679102,-26.85736543365124,85.75884779313229,16.129840776485455,-47.586480723607956,0.0
1,2012-08-01 22:35:00,17.997854883317352,-26.653606879025805,85.57233477475685,15.979726492151467,-47.455991701018874,0.0
1,2012-08-01 22:40:00,17.957707610497444,-26.44980848330525,85.38603252764149,15.8307712028213,-47.32683260359854,0.0
1,2012-08-01 22:45:00,17.9153013806995,-26.245967582215492,85.19976290858956,15.682959009236114,-47.19880672461745,0.0
1,2012-08-01 22:50:00,17.87567848335589,-26.04208152463335,85.01621271320379,15.533438455352531,-47.07174675251169,0.0
1,2012-08-01 22:55:00,17.834794940023038,-25.838147673273458,84.82976835028526,15.38768330539075,-46.945510223017266,0.0
1,2012-08-01 23:00:00,17.793664126254466,-25.634163405377613,84.64299524682163,15.243009304892816,-46.81997568590562,0.0
1,2012-08-01 23:05:00,17.782364456242814,-25.907045537451538,83.75285976893062,15.208441998528668,-46.9879487032159,0.0
1,2012-08-01 23:10:00,17.77109128334622,-26.179760351452003,82.87140196472122,15.174362430169188,-47.16491981413902,0.0
1,2012-08-01 23:15:00,17.759888907416006,-26.452308623420564,82.00630760836972,15.141602793527976,-47.35940776260641,0.0
1,2012-08-01 23:20:00,17.74863350636909,-26.72469112705796,81.13574383648807,15.107807470783793,-47.54722484110949,0.0
1,2012-08-01 23:25:00,17.737388928888425,-26.996908633319403,80.26882139400358,15.073929797955635,-47.73843590154981,0.0
1,2012-08-01 23:30:00,17.726204374208546,-27.268961910012894,79.41743190628398,15.041294847524442,-47.94625840958402,0.0
1,2012-08-01 23:35:00,17.714944358335426,-27.5408517226197,78.55273021412921,15.006726924980038,-48.13867227698318,0.0
1,2012-08-01 23:40:00,17.703678857794987,-27.812578833891763,77.68936025485785,14.97183095880511,-48.33192713230049,0.0
1,2012-08-01 23:45:00,17.692455653687198,-28.08414400345152,76.83932173885685,14.937941396346696,-48.53935789289235,0.0
1,2012-08-01 23:50:00,17.68116338066421,-28.355547988610166,75.97443337737731,14.901915332809619,-48.72964112252592,0.0
1,2012-08-01 23:55:00,17.603241800570686,-28.626791543966085,62.91415713557401,13.51841970204903,-48.97818389355693,0.0
1,2012-08-02 00:00:00,17.592408409280335,-28.897875421007956,62.18154661190509,13.494320622882617,-49.15233680879915,0.0
1,2012-08-02 00:05:00,17.568138211649654,-28.953479422400683,61.371261815869964,13.44282304069879,-49.203870665319286,0.0
1,2012-08-02 00:10:00,17.54348944710255,-29.00906571871429,60.552248401650466,13.390477932018872,-49.245810672079855,0.0
1,2012-08-02 00:15:00,17.518472091780854,-29.064634176381958,59.72757062207752,13.337677039800711,-49.28161269130279,0.0
1,2012-08-02 00:20:00,17.4931164405522,-29.12018466281404,58.89933148956884,13.284657488939226,-49.313616727711086,0.0
1,2012-08-02 00:25:00,17.467448684520804,-29.175717045640685,58.0689412249404,13.231576985789557,-49.34339057610599,0.0
1,2012-08-02 00:30:00,17.441491745751748,-29.231231191956013,57.23733173248406,13.178539530414453,-49.371970007936255,0.0
1,2012-08-02 00:35:00,17.415265856987258,-29.2867269698322,56.40509743114727,13.125622105254303,-49.40002629266187,0.0
1,2012-08-02 00:40:00,17.38879885916105,-29.34220424756328,55.573938367090264,13.073008095595366,-49.42944273002338,0.0
1,2012-08-02 00:45:00,17.36209071868319,-29.39766289290954,54.74181899733625,13.020472179804196,-49.45795832317083,0.0
1,2012-08-02 00:50:00,17.33520703380715,-29.453102774610603,53.90959520520248,12.968111921992811,-49.48652638827312,0.0
1,2012-08-02 00:55:00,17.30872760910887,-29.508523761629732,53.08156227895794,12.913022171497849,-49.51653693189911,0.0
1,2012-08-02 01:00:00,17.281359226451567,-29.563925722398878,52.24953501889311,12.861403761183468,-49.546005455635424,0.0
1,2012-08-02 01:05:00,17.264790954427184,-29.535289554532753,51.581372028038494,12.746359733380002,-49.52589663835403,0.0
1,2012-08-02 01:10:00,17.24815166916893,-29.506654592590195,50.91226271686652,12.631368116876699,-49.504895117979004,0.0
1,2012-08-02 01:15:00,17.231483205227395,-29.478020826895914,50.24251631804113,12.516376996565734,-49.48325820239117,0.0
1,2012-08-02 01:20:00,17.214740089152407,-29.449388247406425,49.57232696194293,12.401399108543838,-49.4611927480244,0.0
1,2012-08-02 01:25:00,17.19801658079887,-29.420756844110556,48.901843240998595,12.286451096942818,-49.43886398142598,0.0
1,2012-08-02 01:30:00,17.18126621595046,-29.39212660743166,48.231180375884264,12.171548697662965,-49.4164028495957,0.0
1,2012-08-02 01:35:00,17.16448936723804,-29.363497527424528,47.56043614263684,12.056696930508823,-49.393912138429805,0.0
1,2012-08-02 01:40:00,17.14768620963669,-29.3348695941762,46.88968235330478,11.94190370745291,-49.37147156203632,0.0
1,2012-08-02 01:45:00,17.130856826079512,-29.30624279820834,46.2189790107692,11.827169905662084,-49.34914199098486,0.0
1,2012-08-02 01:50:00,17.114013166136157,-29.27761712967344,45.54838236704052,11.712484817913957,-49.32696896021596,0.0
1,2012-08-02 01:55:00,17.097131112152553,-29.248992578756738,44.877885169359885,11.597888813672212,-49.304985576619686,0.0
1,2012-08-02 02:00:00,17.080222382026047,-29.220369136077565,44.20753325046787,11.483359154271128,-49.28321492489022,0.0
1,2012-08-02 02:05:00,17.049824370552226,-29.106177432772594,44.16765278398741,11.431378658626281,-49.20911798766707,0.0
1,2012-08-02 02:10:00,17.019416699085358,-28.991987677620628,44.126583270930965,11.379286919252932,-49.13372270829245,0.0
1,2012-08-02 02:15:00,16.98899038460553,-28.877799312766314,44.08465792971706,11.32715142894969,-49.05742924012813,0.0
1,2012-08-02 02:20:00,16.958571143464532,-28.763611783146256,44.04221484449306,11.274955092375583,-48.9805580169171,0.0
1,2012-08-02 02:25:00,16.928148796455034,-28.64942453683357,43.99945739523397,11.222749814728381,-48.90336377190525,0.0
1,2012-08-02 02:30:00,16.89772467413626,-28.53523702538222,43.956562741697,11.170559692536337,-48.826047212932025,0.0
1,2012-08-02 02:35:00,16.867299886768567,-28.42104870310957,43.913677906174016,11.118394644984052,-48.74876473579124,0.0
1,2012-08-02 02:40:00,16.836875233586603,-28.30685902744066,43.87090893124983,11.066269329814594,-48.67163649823582,0.0
1,2012-08-02 02:45:00,16.806451324786394,-28.192667459253695,43.82833656021543,11.014194165754509,-48.59475312316151,0.0
1,2012-08-02 02:50:00,16.77607145035599,-28.07847346216217,43.78602712280306,10.962170004786339,-48.518181255896565,0.0
1,2012-08-02 02:55:00,16.745650227242614,-27.96427650285943,43.74401056669936,10.910214701982847,-48.44196816589378,0.0
1,2012-08-02 03:00:00,16.71523079395898,-27.85007605146473,43.70232772741525,10.858319649081654,-48.36614555052091,0.0
1,2012-08-02 03:05:00,16.69741850912866,-27.69834737168853,43.647719866765,10.768263505353538,-48.26768645867705,0.0
1,2012-08-02 03:10:00,16.67961027791389,-27.546583426949915,43.592416729645485,10.67866491851366,-48.16895438228974,0.0
1,2012-08-02 03:15:00,16.66108786985274,-27.394783396554132,43.53372369127941,10.592394322030946,-48.07012430935587,0.0
1,2012-08-02 03:20:00,16.64307491088178,-27.242946460978022,43.47725682251739,10.503972375298687,-47.97133215059618,0.0
1,2012-08-02 03:25:00,16.62504221397682,-27.09107180221733,43.420441334363254,10.416078662361025,-47.87268188305439,0.0
1,2012-08-02 03:30:00,16.606949184938898,-26.939158604133766,43.36335186848744,10.328717330118591,-47.77425147916328,0.0
1,2012-08-02 03:35:00,16.589407671226045,-26.553270904644158,43.387106593107795,10.251087287604573,-47.532422054090716,0.0
1,2012-08-02 03:40:00,16.571763964702797,-26.16734303726818,43.4069040523716,10.173573970356795,-47.28671192104147,0.0
1,2012-08-02 03:45:00,16.554021866578626,-25.781374190521216,43.42374435212871,10.096289276152602,-47.03823227215812,0.0
1,2012-08-02 03:50:00,16.53618337279049,-25.395363553799772,43.438435853011995,10.019318828243364,-46.78787628072143,0.0
1,2012-08-02 03:55:00,16.518248816827988,-25.00931031797505,43.4516119364948,9.942743333115292,-46.536357225562135,0.0
1,2012-08-02 04:00:00,16.50021734036381,-24.623213675986676,43.46379238602803,9.86660896452967,-46.28424025683208,0.0
1,2012-08-02 04:05:00,16.49446767967134,-24.29255220616223,43.590740311472764,9.852124821953453,-46.066042569876146,0.0
1,2012-08-02 04:10:00,16.48872426750059,-23.961869751005715,43.71879398130034,9.837755427534024,-45.84904439012778,0.0
1,2012-08-02 04:15:00,16.482987073626948,-23.631166152933204,43.8479610950927,9.823499106828837,-45.63325158514244,0.0
1,2012-08-02 04:20:00,16.47725595591991,-23.3004412541175,43.97823274869185,9.809353552538335,-45.41865278563538,0.0
1,2012-08-02 04:25:00,16.471530639594537,-22.969694896785573,44.10958067838403,9.795322662067372,-45.20522346752467,0.0
1,2012-08-02 04:30:00,16.46581087862762,-22.638926923515548,44.241979571093864,9.781397548693805,-44.99292927359092,0.0
1,2012-08-02 04:35:00,16.4641293563618,-20.665816960088826,44.94496683895656,9.831657150857962,-43.773066180191044,0.0
1,2012-08-02 04:40:00,16.462228986850842,-18.69268506552658,45.62249056733416,9.878982535678393,-42.52478339882683,0.0
1,2012-08-02 04:45:00,16.46016075389005,-16.719531082402558,46.281357758983305,9.924134268317827,-41.25564833999139,0.0
1,2012-08-02 04:50:00,16.457964873463624,-14.746354853290313,46.92707238148087,9.967719981530102,-39.97177244658898,0.0
1,2012-08-02 04:55:00,16.45567277773014,-12.773156220815252,47.56404470682297,10.01023776289369,-38.6780639208196,0.0
1,2012-08-02 05:00:00,16.453308981712762,-10.799935027707042,48.19580556274107,10.052072617890262,-37.37843843862607,0.0
1,2012-08-02 05:05:00,16.457465967791016,-9.09758281847954,48.921409830308114,10.222639482552713,-36.24236804111023,0.0
1,2012-08-02 05:10:00,16.46146299101476,-7.39514320081634,49.65043513620613,10.394303052406872,-35.11072797868136,0.0
1,2012-08-02 05:15:00,16.465313545645536,-5.69261644884792,50.38344702775889,10.56711869291196,-33.98413943825296,0.0
1,2012-08-02 05:20:00,16.4690292084695,-3.9900028365559925,51.12081082475697,10.741133725401847,-32.86301533493117,0.0
1,2012-08-02 05:25:00,16.47262005552785,-2.2873026374178185,51.86275719883636,10.91636401410531,-31.747602478058006,0.0
1,2012-08-02 05:30:00,16.476094693023807,-0.584516124051109,52.60938791561506,11.092822929245129,-30.63801627609197,0.0
1,2012-08-02 05:35:00,16.488168415154483,4.845632171678098,54.59477513318894,11.407581609442508,-27.178124557616187,0.0
1,2012-08-02 05:40:00,16.49960055505022,10.275866237113942,56.50878806093321,11.749022599792355,-23.67345508975663,0.0
1,2012-08-02 05:45:00,16.510664826766167,15.706185801307143,58.39008744932855,12.101094099439187,-20.146617093087762,0.0
1,2012-08-02 05:50:00,16.52155887798657,21.136590593208066,60.26711174815382,12.451293981474759,-16.613547161529844,0.0
1,2012-08-02 05:55:00,16.532348169517828,26.567080342265935,62.149625918038524,12.800831181639364,-13.085219462003447,0.0
1,2012-08-02 06:00:00,16.543075493117925,31.997654779029318,64.04412940687021,13.150513772321924,-9.568941784236486,0.0
1,2012-08-02 06:05:00,16.55475451655651,37.31194845896585,67.10096235129669,13.618376592708385,-6.063919402420126,0.0
1,2012-08-02 06:10:00,16.56700320883583,42.62648965613667,70.32121270034258,14.103392102883486,-2.7392195977775664,0.0
1,2012-08-02 06:15:00,16.579374319527933,47.94127781558432,73.63860362290748,14.598372755448374,0.4786214532330604,0.0
1,2012-08-02 06:20:00,16.59161104728825,53.25631238575251,77.01193895093951,15.098844908090602,3.635273009419734,0.0
1,2012-08-02 06:25:00,16.60357309797825,58.571592817959555,80.41594597918446,15.602040809904183,6.758774978261002,0.0
1,2012-08-02 06:30:00,16.61519006073916,63.88711856587762,83.83536492974665,16.10629894466024,9.866048107553588,0.0
1,2012-08-02 06:35:00,16.640676611034916,77.09257358187571,89.77437177678834,16.939592089759223,18.014627598103736,0.0
1,2012-08-02 06:40:00,16.664382128132413,90.29827283049144,95.60664218366985,17.756835226515904,26.286237769774047,0.0
1,2012-08-02 06:45:00,16.686949979982092,103.50421577391643,101.43103829898217,18.568950130799397,34.57109416029594,0.0
1,2012-08-02 06:50:00,16.70868001701246,116.71040187766326,107.29374987787813,19.381403181858115,42.817540100780846,0.0
1,2012-08-02 06:55:00,16.72970266408717,129.9168306100431,113.21270404505324,20.196473973649255,51.00536834088717,0.0
1,2012-08-02 07:00:00,16.747536683328075,143.12350144165006,119.19116905003413,21.014795132049915,59.130677475805356,0.0
1,2012-08-02 07:05:00,16.813991562041345,156.05236337264256,126.43753757897062,22.091545414795,66.96933593619109,0.0
1,2012-08-02 07:10:00,16.878639083812455,168.98180988138535,133.81286108027263,23.18681057741791,74.66110912208374,0.0
1,2012-08-02 07:15:00,16.942505726345598,181.91181285960832,141.24817032422214,24.288387163501664,82.28714161134823,0.0
1,2012-08-02 07:20:00,17.00552658021852,194.84234417128133,148.70684772875273,25.392350803406444,89.8879472196607,0.0
1,2012-08-02 07:25:00,17.0677174588174,207.77337565129255,156.1713491840887,26.496870867071685,97.48287252174549,0.0
1,2012-08-02 07:30:00,17.129128382190714,220.70487910410583,163.63393030252135,27.60113851974946,105.08044254452312,0.0
1,2012-08-02 07:35:00,17.192213020624656,235.85409499820355,171.78157563044556,28.789677171511794,114.1263898000091,0.0
1,2012-08-02 07:40:00,17.25438804634845,251.003726372105,179.88981737129902,29.973492692024422,123.21687925361928,0.0
1,2012-08-02 07:45:00,17.315851560397263,266.1537449250742,187.99763429989727,31.15694581503319,132.30854309605627,0.0
1,2012-08-02 07:50:00,17.37671036213779,281.3041223173078,196.12079122814575,32.34187532101925,141.38374939513014,0.0
1,2012-08-02 07:55:00,17.437028423059008,296.45483016799864,204.26379540097457,33.52891690901809,150.43732682606807,0.0
1,2012-08-02 08:00:00,17.496850256518652,311.60584005337427,212.42609790839884,34.718125857464564,159.46974059664777,0.0
1,2012-08-02 08:05:00,17.599354308868527,326.7840141270734,219.18061374575842,35.78045203220534,168.41454139673215,0.0
1,2012-08-02 08:10:00,17.701339418824325,341.9618774937179,226.01161495393904,36.85492019037213,177.27040413551487,0.0
1,2012-08-02 08:15:00,17.802668791014618,357.13938290561225,232.85542480062998,37.93245541797775,186.1100332115983,0.0
1,2012-08-02 08:20:00,17.90331417210554,372.3164825605585,239.6866643845116,39.01030560677929,194.96151183234699,0.0
1,2012-08-02 08:25:00,18.003051097552436,387.49312809308816,246.41908556299265,40.07906424187365,203.92044628978684,0.0
1,2012-08-02 08:30:00,18.098044438382857,402.6692705654471,253.07504728779503,41.145811265063486,212.9573487526392,0.0
1,2012-08-02 08:35:00,18.187376762745895,405.26965275248415,255.67392264164664,41.724312337810304,213.9638232515634,0.0
1,2012-08-02 08:40:00,18.276882534048546,407.8694322454708,258.43432394755104,42.32246014405719,214.78852237088435,0.0
1,2012-08-02 08:45:00,18.36182602963109,410.4685583290085,261.20912353801094,42.924232483071975,215.59454526343302,0.0
1,2012-08-02 08:50:00,18.450901034246105,413.0669796740412,263.9295098270628,43.52177422503083,216.45850731594058,0.0
1,2012-08-02 08:55:00,18.53973699724144,415.6646443275625,266.56823588191145,44.11243708866192,217.4102517894678,0.0
1,2012-08-02 09:00:00,18.6283419342239,418.26149970203835,269.1204213536542,44.69543982200579,218.45538769734264,0.0
1,2012-08-02 09:05:00,18.729090937214856,420.889123196017,269.30311891711307,44.99780147932156,219.60828400899317,0.0
1,2012-08-02 09:10:00,18.829329560548317,423.51555810620766,269.3596371336544,45.2861509971975,220.900183223213,0.0
1,2012-08-02 09:15:00,18.92932008691613,426.1407445944183,269.40805361790086,45.572984182351135,222.20045208047011,0.0
1,2012-08-02 09:20:00,19.028899371755976,428.7646217546378,269.3768185516951,45.850298775471124,223.58858175222184,0.0
1,2012-08-02 09:25:00,19.128185593636772,431.3871275933329,269.30781877627624,46.12274198902576,225.0179761912277,0.0
1,2012-08-02 09:30:00,19.227165458639515,434.0081990091797,269.2118623577912,46.391548931710346,226.47652912132142,0.0
1,2012-08-02 09:35:00,19.319076882181058,423.95980844167497,264.6842070317433,46.12230817761912,220.23536667240225,0.0
1,2012-08-02 09:40:00,19.411338190199544,413.90985384335625,260.5224113352733,45.89140059361419,213.58844739300494,0.0
1,2012-08-02 09:45:00,19.503765006763782,403.8582686642434,256.48605520487865,45.67179169160919,206.80315928473823,0.0
1,2012-08-02 09:50:00,19.596237014656847,393.80498516058054,252.51436637574736,45.456630822073315,199.94705751818907,0.0
1,2012-08-02 09:55:00,19.688702606859778,383.7499343716576,248.56450752557072,45.24098218308784,193.0678462568748,0.0
1,2012-08-02 10:00:00,19.781127788843555,373.69304609595736,244.60689331076185,45.0214294181316,186.19845699938605,0.0
1,2012-08-02 10:05:00,19.783810370646126,364.47916394400454,242.04395259461066,44.61502602123864,179.88794109637385,0.0
1,2012-08-02 10:10:00,19.786370283887862,355.2653028438749,239.58682200463457,44.21667637411283,173.46358236924254,0.0
1,2012-08-02 10:15:00,19.788484287852754,346.0514639054786,236.93924487979956,43.79569352840626,167.2523255372843,0.0
1,2012-08-02 10:20:00,19.790177120709558,336.8376482421661,234.1467871063856,43.35725414979703,161.20342916189134,0.0
1,2012-08-02 10:25:00,19.791505573016476,327.6238569708164,231.24324887421045,42.905247263392134,155.27920514501818,0.0
1,2012-08-02 10:30:00,19.792406273092308,318.4100912119109,228.26847867389722,42.444375951296834,149.4351030344176,0.0
1,2012-08-02 10:35:00,19.80157724614144,322.0423243811955,229.50049546266922,42.509083709868655,151.7046337922548,0.0
1,2012-08-02 10:40:00,19.810485092623452,325.6745853150149,230.60529310148164,42.55943551232329,154.1157674207036,0.0
1,2012-08-02 10:45:00,19.81888123988172,329.30687514487045,231.45140479570924,42.57991571462258,156.8154874899287,0.0
1,2012-08-02 10:50:00,19.82764058200517,332.93919500635997,232.39783459961387,42.61166605935996,159.40364933867266,0.0
1,2012-08-02 10:55:00,19.835867782178266,336.57154603899465,233.0929099791848,42.61447914482909,162.2721340421637,0.0
1,2012-08-02 11:00:00,19.844569862749676,340.2039293860078,233.98324700601546,42.63963294198594,164.92304870108575,0.0
1,2012-08-02 11:05:00,19.894027169928144,343.50293318848236,234.79781648137066,42.85379198566618,167.3912575768356,0.0
1,2012-08-02 11:10:00,19.94316415403513,346.80193654814485,235.60693474937835,43.06925160214108,169.86361664432616,0.0
1,2012-08-02 11:15:00,19.992000622625827,350.10093944816975,236.41906081766973,43.285332533281846,172.33234613722968,0.0
1,2012-08-02 11:20:00,20.044596355076774,353.39994187165746,237.23952356601353,43.5026623350826,174.7914896028835,0.0
1,2012-08-02 11:25:00,20.094881825061393,356.6989438013848,238.07771631172852,43.71631942050033,177.23657529378886,0.0
1,2012-08-02 11:30:00,20.143970256718546,359.99794521955306,238.9254476784282,43.93776284923225,179.66433550883616,0.0
1,2012-08-02 11:35:00,20.190202910288487,361.95880978568687,239.33136946570562,44.10434255567881,181.25063217355674,0.0
1,2012-08-02 11:40:00,20.236219582637883,363.9196738041849,239.7775489168964,44.275810660827155,182.79178222802636,0.0
1,2012-08-02 11:45:00,20.282023846899914,365.88053725626776,240.25915742183537,44.45168396255658,184.29309746575152,0.0
1,2012-08-02 11:50:00,20.327619336606634,367.8414001230765,240.7720412303482,44.63149785432329,185.75919622459136,0.0
1,2012-08-02 11:55:00,20.373009696338187,369.8022623854229,241.31259471316866,44.814834947992146,187.19410150275922,0.0
1,2012-08-02 12:00:00,20.418198546235374,371.7631240235377,241.87766228234108,45.00133967679216,188.6013244352123,0.0
1,2012-08-02 12:05:00,20.475177247300575,373.59322892476985,242.09532874074418,45.245495673110604,189.90362901761924,0.0
1,2012-08-02 12:10:00,20.531380795594682,375.42315615724306,242.33298822355596,45.49385752455297,191.1815570517348,0.0
1,2012-08-02 12:15:00,20.586848396755283,377.25290356672593,242.58836362887592,45.745736458538445,192.43807225780867,0.0
1,2012-08-02 12:20:00,20.641616986821262,379.082468983009,242.8591837897887,46.00083699309785,193.67573911451595,0.0
1,2012-08-02 12:25:00,20.69572207341171,380.9118502195627,243.1434514982323,46.25893121319156,194.89678055842882,0.0
1,2012-08-02 12:30:00,20.74919763957425,382.74104507318935,243.43938944780282,46.51986384900141,196.1031269625715,0.0
1,2012-08-02 12:35:00,20.789557129637853,373.79880415683067,240.1699270847459,46.33782812072536,190.54640627344224,0.0
1,2012-08-02 12:40:00,20.82762448919188,364.8563724018624,237.20120499335576,46.199082776466,184.64546409001994,0.0
1,2012-08-02 12:45:00,20.87091270837724,355.91374755534446,234.39715956513072,46.071982042264324,178.56800754182512,0.0
1,2012-08-02 12:50:00,20.909271596166857,346.97092734748776,231.65308613579975,45.953235978533236,172.42202896292693,0.0
1,2012-08-02 12:55:00,20.946642553901405,338.02790949154564,228.90892544305126,45.83544080120656,166.27498911295635,0.0
1,2012-08-02 13:00:00,20.982951706523924,329.08469168370374,226.1285517543389,45.71450143957503,160.1671064913548,0.0
1,2012-08-02 13:05:00,20.976226277107546,320.550612896638,223.856247444622,45.484023690977104,154.26776549081103,0.0
1,2012-08-02 13:10:00,20.967629986825713,312.01646166308944,221.40972802985414,45.230262355393144,148.56585073582144,0.0
1,2012-08-02 13:15:00,20.95739828232794,303.4822393823057,218.8320371158281,44.95955131667996,143.01198613598405,0.0
1,2012-08-02 13:20:00,20.94573243847894,294.9479474535078,216.15525361738491,44.67565845670031,137.5703262938161,0.0
1,2012-08-02 13:25:00,20.93280335006706,286.41358727663044,213.40296193452744,44.381343455981096,132.21452852872258,0.0
1,2012-08-02 13:30:00,20.9188621554358,277.87916025306515,210.59273363003996,44.07862598974701,126.925003004086,0.0
1,2012-08-02 13:35:00,20.93630522123762,288.44277854135146,214.25388752063054,44.578070190946704,133.45997892878913,0.0
1,2012-08-02 13:40:00,20.94958270592543,299.0063327865583,217.46890015438944,45.03305526313008,140.4854911962608,0.0
1,2012-08-02 13:45:00,20.963338234211776,309.569824392388,220.7707218811965,45.49436185745335,147.41781020916736,0.0
1,2012-08-02 13:50:00,20.974669193862322,320.13325476262116,223.63610883867108,45.90228831199357,154.83988289559284,0.0
1,2012-08-02 13:55:00,20.987260986550652,330.6966253018584,226.7990258967264,46.34124431036743,161.933336106608,0.0
1,2012-08-02 14:00:00,20.999321350610956,341.25993741626655,229.90000722189285,46.770181595449046,169.09868533897526,0.0
1,2012-08-02 14:05:00,21.03693285314715,351.1480062469601,232.16521144180751,47.40666023849881,176.28300489901508,0.0
1,2012-08-02 14:10:00,21.074981251950586,361.03562164973226,234.54380962254962,48.05968449148946,183.33693146036515,0.0
1,2012-08-02 14:15:00,21.1133870335149,370.92276837523514,237.0288149399502,48.72780237937047,190.26888857289717,0.0
1,2012-08-02 14:20:00,21.152116003884327,380.8094311080323,239.61202914461637,49.410138519944525,197.08793455276478,0.0
1,2012-08-02 14:25:00,21.191133069734338,390.69559446523147,242.28514284939325,50.105747989370954,203.80330832807138,0.0
1,2012-08-02 14:30:00,21.229794589071293,400.5812429951102,244.89468064677465,50.796841125515336,210.58625951673503,0.0
1,2012-08-02 14:35:00,21.242308282143313,393.0535383163401,241.98687935489573,50.810626929491086,206.15050391817883,0.0
1,2012-08-02 14:40:00,21.25688534593475,385.5252876979502,239.581519503881,50.885179522258966,201.1509941503465,0.0
1,2012-08-02 14:45:00,21.27266316159976,377.9964754767949,237.47945074402725,50.99849065569433,195.80887314792025,0.0
1,2012-08-02 14:50:00,21.290036256024347,370.4670859172014,235.30758209732136,51.10742499331245,190.54035148972528,0.0
1,2012-08-02 14:55:00,21.3056156765861,362.93710320977067,233.21277358044975,51.228902498059576,185.1816333867297,0.0
1,2012-08-02 15:00:00,21.321607902232273,355.4065114701739,231.1466943832086,51.35721292565802,179.78674400908628,0.0
1,2012-08-02 15:05:00,21.330118823914027,348.19045596246764,229.68043136204724,51.120701900801606,174.86726332432994,0.0
1,2012-08-02 15:10:00,21.33857314663281,340.97434024873337,228.24821523158874,50.88700272487806,169.9108636939098,0.0
1,2012-08-02 15:15:00,21.347175027204305,333.7581639221451,226.83437907824833,50.654303925708746,164.93502309676336,0.0
1,2012-08-02 15:20:00,21.355890027458962,326.54192657507105,225.4266165308673,50.42117063497953,159.95348236473168,0.0
1,2012-08-02 15:25:00,21.36459245635332,319.32562779896364,224.01534209636094,50.18651019812293,154.97691923691931,0.0
1,2012-08-02 15:30:00,21.373223182581143,312.10926718424895,222.59326836372088,49.949434872468416,150.01350845743136,0.0
1,2012-08-02 15:35:00,21.37010566230359,299.2790828162646,219.2289371286619,49.469303859389534,141.62158711451687,0.0
1,2012-08-02 15:40:00,21.369332558047716,286.4488357880474,215.9357928121662,48.99487379305479,133.15271524606226,0.0
1,2012-08-02 15:45:00,21.36865498826796,273.618525687081,212.6874057116187,48.52338741866574,124.63607939696448,0.0
1,2012-08-02 15:50:00,21.369392670185245,260.78815210026727,209.79149763824284,48.090960908357296,115.72784117076722,0.0
1,2012-08-02 15:55:00,21.368195706673426,247.9577146135701,206.4628574599328,47.60499838830527,107.3058071593642,0.0
1,2012-08-02 16:00:00,21.368046074664086,235.1272128116643,203.43368283767518,47.15202035969404,98.55125878525936,0.0
1,2012-08-02 16:05:00,21.33293359924486,222.5149297216583,200.38197949486232,46.68373417463711,89.9208102718481,0.0
1,2012-08-02 16:10:00,21.296205047225556,209.90255662398076,197.03663050285542,46.17938796778728,81.61997742175227,0.0
1,2012-08-02 16:15:00,21.257211918960053,197.29009416101303,193.2540234397713,45.622765075097604,73.80858996328334,0.0
1,2012-08-02 16:20:00,21.218711616760505,184.67754297378488,189.22125696111016,45.03560230274091,66.27781307579798,0.0
1,2012-08-02 16:25:00,21.1774097961756,172.06490370126932,185.05328927684548,44.43117562845014,58.899413210562855,0.0
1,2012-08-02 16:30:00,21.135059736337624,159.45217697967723,180.7113933637495,43.80497014703364,51.71663293220823,0.0
1,2012-08-02 16:35:00,21.1042111017741,153.17607321621003,178.54365834970707,43.457109087985245,48.41797029055677,0.0
1,2012-08-02 16:40:00,21.073269432595243,146.89988327140588,176.34439107019648,43.10540632010503,45.15459544186842,0.0
1,2012-08-02 16:45:00,21.042254565848346,140.62360777538245,174.1448942715051,42.75323159448295,41.89183651888345,0.0
1,2012-08-02 16:50:00,21.011251396494686,134.34724735695738,171.9637160601086,42.40271646219058,38.60901449287218,0.0
1,2012-08-02 16:55:00,20.980313325189226,128.0708026429437,169.81110594430982,42.055006268521204,35.29473513705166,0.0
1,2012-08-02 17:00:00,20.949467171672147,121.79427425744186,167.69187336632424,41.71063265749124,31.943657989290315,0.0
1,2012-08-02 17:05:00,20.901463055443855,115.47067590855809,164.4365265338489,41.282402640557706,28.64385784877973,0.0
1,2012-08-02 17:10:00,20.853212747239574,109.14701985732191,161.18733630267135,40.85420453222712,25.337811496016045,0.0
1,2012-08-02 17:15:00,20.804845152847424,102.82330641005638,157.9673154393718,40.4290209827496,21.999523820491916,0.0
1,2012-08-02 17:20:00,20.755179701551125,96.49953587154297,154.7767326707236,40.018005394867984,18.617572997472656,0.0
1,2012-08-02 17:25:00,20.706862989380188,90.17570854503668,151.63912742353023,39.600643859805196,15.188933812186868,0.0
1,2012-08-02 17:30:00,20.658513911928733,83.85182473227874,148.54230900431733,39.187555184676704,11.71517845273462,0.0
1,2012-08-02 17:35:00,20.61990901788875,82.4725780764569,147.15315076873296,38.999599809517655,11.253266766620527,0.0
1,2012-08-02 17:40:00,20.580981213789457,81.09327553322403,145.7188315120227,38.80661325922937,10.841491389350537,0.0
1,2012-08-02 17:45:00,20.541927333063907,79.71391739995174,144.27430304449416,38.612467676829844,10.44102866497061,0.0
1,2012-08-02 17:50:00,20.502869818953055,78.33450397225795,142.84076074581947,38.419611019220724,10.028235552524961,0.0
1,2012-08-02 17:55:00,20.463881465286985,76.95503554426563,141.43033389033266,38.229428805559174,9.589597552645301,0.0
1,2012-08-02 18:00:00,20.425001764431016,75.57551240886022,140.0491726932617,38.042631818053984,9.118253960780393,0.0
1,2012-08-02 18:05:00,20.390179479620645,74.00400669200897,137.83782219843826,37.60774113782774,8.411587088182486,0.0
1,2012-08-02 18:10:00,20.355330799534975,72.4326060487696,135.6572390916332,37.175434067940074,7.6716742908395545,0.0
1,2012-08-02 18:15:00,20.320419823908246,70.86131120427925,133.5025211020346,36.74506014649542,6.904069026596169,0.0
1,2012-08-02 18:20:00,20.285415592583483,69.2901228808945,131.3696120038257,36.31614699102918,6.113300626090243,0.0
1,2012-08-02 18:25:00,20.250290343181923,67.71904179843483,129.2551553747722,35.888341416648345,5.3030794162685595,0.0
1,2012-08-02 18:30:00,20.2150199300696,66.14806867442854,127.15645017327248,35.46129224618091,4.476458333433143,0.0
1,2012-08-02 18:35:00,20.164669098436804,57.09741775569491,122.62135608091815,34.704879090880745,-1.0640876684423475,0.0
1,2012-08-02 18:40:00,20.11583911241781,48.04687622236615,118.24355789016641,33.951868200427484,-6.765222451362419,0.0
1,2012-08-02 18:45:00,20.06584614850006,38.996444784114274,113.90931485321738,33.21527662165099,-12.52622160468512,0.0
1,2012-08-02 18:50:00,20.015177088760947,29.946124148015887,109.53640075225726,32.52058297955638,-18.29033682852507,0.0
1,2012-08-02 18:55:00,19.96391907864321,20.895915018554277,105.14147327782665,31.821226098660198,-24.02766393345619,0.0
1,2012-08-02 19:00:00,19.91197338863605,11.845818097625994,100.71225282522434,31.115648125160718,-29.72436475907899,0.0
1,2012-08-02 19:05:00,19.837132444888955,3.2807383784075665,97.21811739354449,30.396621618858518,-35.06595050186888,0.0
1,2012-08-02 19:10:00,19.76164712150039,-5.285064997914589,93.67193076371393,29.674256254153583,-40.35286984520904,0.0
1,2012-08-02 19:15:00,19.684469567674387,-13.851574457841172,90.05073979239918,28.955546580805194,-45.569146622026025,0.0
1,2012-08-02 19:20:00,19.60721444956178,-22.418772580702193,86.3394535490134,28.218920663507667,-50.678100545757246,0.0
1,2012-08-02 19:25:00,19.529207206416938,-30.98664209674254,82.57720891599021,27.478934690226275,-55.733407417046514,0.0
1,2012-08-02 19:30:00,19.45058462600981,-39.55516588522935,78.79060243039756,26.73862501736661,-60.764683008634506,0.0
1,2012-08-02 19:35:00,19.391446500620606,-39.92636642327348,77.76421138593413,26.33085959212934,-60.691395038531454,0.0
1,2012-08-02 19:40:00,19.331616474918143,-40.298187431966994,76.64499439083431,25.914682081156432,-60.51748950270576,0.0
1,2012-08-02 19:45:00,19.27145786701325,-40.670612226366295,75.48573844297289,25.496285432627236,-60.301929662267945,0.0
1,2012-08-02 19:50:00,19.211199519242548,-41.04362426349138,74.3196283955305,25.07954479547689,-60.081758976353825,0.0
1,2012-08-02 19:55:00,19.15097963306183,-41.4172071403359,73.16662949502158,24.666795804253674,-59.8792619230197,0.0
1,2012-08-02 20:00:00,19.091661484820758,-41.79134459189632,72.04544326681031,24.251822344812116,-59.7069076484808,0.0
1,2012-08-02 20:05:00,19.01621173213281,-41.72905304553527,71.17023497286982,23.82988506367994,-59.20518276039347,0.0
1,2012-08-02 20:10:00,18.941781816472545,-41.66826125513585,70.34322146748582,23.40535950144559,-58.75056413572207,0.0
1,2012-08-02 20:15:00,18.867633818257882,-41.60885302228249,69.56264063317731,22.986396963003365,-58.349324763464345,0.0
1,2012-08-02 20:20:00,18.7941633968791,-41.55071324571677,68.88077658494616,22.578957007154578,-58.05959321616507,0.0
1,2012-08-02 20:25:00,18.720511092455975,-41.493727890799704,68.18082572158663,22.169596618899252,-57.751008842979516,0.0
1,2012-08-02 20:30:00,18.647396511189296,-41.43778395973574,67.55866389146865,21.76925239199374,-57.530271088238436,0.0
1,2012-08-02 20:35:00,18.5762235724452,-40.65777511416012,67.19769737893292,21.39944381098641,-56.87719938246613,0.0
1,2012-08-02 20:40:00,18.50507380118692,-39.878584690860166,66.84194592496829,21.030140181749207,-56.230666109310725,0.0
1,2012-08-02 20:45:00,18.433989225270775,-39.100102630287495,66.49699383634152,20.661959434197406,-55.59676344590584,0.0
1,2012-08-02 20:50:00,18.36299186163714,-38.32221979677309,66.16566671067733,20.295221067916728,-54.978527353792956,0.0
1,2012-08-02 20:55:00,18.292090837937916,-37.54482795237505,65.84903366362538,19.93003765203209,-54.3770312798047,0.0
1,2012-08-02 21:00:00,18.22128714482652,-36.76781973132695,65.54707083343641,19.566393005765327,-53.792127815647234,0.0
1,2012-08-02 21:05:00,18.148360670366518,-36.44292917711744,65.75920668366555,19.348330450393554,-53.527288420398676,0.0
1,2012-08-02 21:10:00,18.075472427699104,-36.11831134097885,65.9811155533464,19.13323224909308,-53.275459116743995,0.0
1,2012-08-02 21:15:00,18.002602327995408,-35.793951194802204,66.21058630937759,18.920841989268148,-53.0341573308772,0.0
1,2012-08-02 21:20:00,17.929734311904504,-35.46983389858671,66.44586712070401,18.7109543745379,-52.80141109536144,0.0
1,2012-08-02 21:25:00,17.85685503736307,-35.14594479809121,66.68555926478636,18.503411072698132,-52.575648701212074,0.0
1,2012-08-02 21:30:00,17.783953403106533,-34.822269422522254,66.92855760903126,18.298074408691,-52.35561286998448,0.0
1,2012-08-02 21:35:00,17.711020012755352,-34.49879348342747,67.1739733474896,18.094837788164973,-52.14029391292557,0.0
1,2012-08-02 21:40:00,17.638046526261444,-34.17550287246375,67.42108861826368,17.893618952803006,-51.92887760147753,0.0
1,2012-08-02 21:45:00,17.565025891664863,-33.852383659200214,67.66933244432829,17.69434332144042,-51.72070444701957,0.0
1,2012-08-02 21:50:00,17.492689881527916,-33.529422090129515,67.92306002637864,17.492132834665327,-51.51523783732772,0.0
1,2012-08-02 21:55:00,17.419610546778703,-33.20660458654608,68.17241974912861,17.296413967584492,-51.31203905351696,0.0
1,2012-08-02 22:00:00,17.346470571932834,-32.883917742457726,68.42176222945736,17.102489053612768,-51.11074763988921,0.0
1,2012-08-02 22:05:00,17.320762752172584,-32.82679790437463,68.21200601789374,17.004323338130042,-51.0755951952776,0.0
1,2012-08-02 22:10:00,17.295001483415124,-32.76968863773861,68.00472116817832,16.90684455650765,-51.04361161782161,0.0
1,2012-08-02 22:15:00,17.26922825655238,-32.712589849758665,67.79932497816438,16.809891027167076,-51.01405243100498,0.0
1,2012-08-02 22:20:00,17.243438647909024,-32.65550144863063,67.5952873990271,16.713386837933232,-50.986311582023674,0.0
1,2012-08-02 22:25:00,17.21762882083449,-32.59842334318469,67.39216026414705,16.617288915083858,-50.95989773936614,0.0
1,2012-08-02 22:30:00,17.191795604400205,-32.54135544253231,67.18958814364895,16.521556382486427,-50.93441450613605,0.0
1,2012-08-02 22:35:00,17.16593628055133,-32.484297656767886,66.98727927458279,16.42616312439215,-50.90954391372904,0.0
1,2012-08-02 22:40:00,17.140048607884715,-32.427249896615976,66.78500902089745,16.3310805649875,-50.88503266100496,0.0
1,2012-08-02 22:45:00,17.11413070565743,-32.37021207307869,66.58260412237087,16.23628195754587,-50.86068065201733,0.0
1,2012-08-02 22:50:00,17.088194074025,-32.31318409813682,66.37990638489981,16.141769155024566,-50.83633145760092,0.0
1,2012-08-02 22:55:00,17.06230495353669,-32.25616588439783,66.17682282306089,16.04751453730194,-50.81186438481822,0.0
1,2012-08-02 23:00:00,17.036431312734848,-32.1991573447421,65.97326420993546,15.95351587579334,-50.7871878910463,0.0
1,2012-08-02 23:05:00,17.00146036539285,-31.99693985155242,65.62419732075921,15.730879090136115,-50.67304536405881,0.0
1,2012-08-02 23:10:00,16.967268130735924,-31.79471992797152,65.27071901847859,15.509717314025568,-50.55596400312242,0.0
1,2012-08-02 23:15:00,16.93297012308442,-31.59249504582994,64.91341099966868,15.290089924624008,-50.43658235380505,0.0
1,2012-08-02 23:20:00,16.8985401794579,-31.390262689214232,64.55274870491232,15.072046319625628,-50.31542273847026,0.0
1,2012-08-02 23:25:00,16.86395758077684,-31.18802035400512,64.18912084149463,14.85562610214437,-50.19291096339788,0.0
1,2012-08-02 23:30:00,16.829203496439554,-30.985765547414033,63.822844274684414,14.640860656046286,-50.06939278493416,0.0
1,2012-08-02 23:35:00,16.79425941637104,-30.783495788706453,63.454178033967466,14.427772890166654,-49.94514766066569,0.0
1,2012-08-02 23:40:00,16.759106202289846,-30.581208608740987,63.08332281275561,14.21638921457241,-49.8204002249298,0.0
1,2012-08-02 23:45:00,16.72366950200307,-30.378901549506338,62.71045611758584,14.00671396215174,-49.69532985914037,0.0
1,2012-08-02 23:50:00,16.687248342166278,-30.176572164850025,62.332401072232145,13.80206855984332,-49.57007866785762,0.0
1,2012-08-02 23:55:00,16.649225790697063,-29.974218020017553,61.677168454853046,13.56618480002916,-49.44475811932956,0.0
